ProductID,OrderID,CustomerID,Address,Quantity,OrderDate,ProductPrice,Country,SalesCategory
644,13325,1904,Elazığ,5,2023-01-01,146.53,Türkiye,Medium
931,16442,1825,Bursa,5,2023-01-02,717.66,Türkiye,High
692,13502,1051,Bursa,8,2023-01-03,672.29,Türkiye,Low
996,19957,1145,Kırşehir,3,2023-01-04,718.8,Türkiye,High
856,16489,1629,Trabzon,4,2023-01-05,888.76,Türkiye,High
162,19055,1395,Rize,2,2023-01-06,665.69,Türkiye,High
710,12563,1101,Osmaniye,9,2023-01-07,554.77,Türkiye,Medium
280,11235,1566,Bartın,8,2023-01-08,620.46,Türkiye,Low
239,17099,1684,Ağrı,2,2023-01-09,623.87,Türkiye,High
532,16241,1845,Kahramanmaraş,5,2023-01-10,458.66,Türkiye,Low
249,19438,1217,Van,7,2023-01-11,956.8,Türkiye,High
277,12662,1767,Manisa,2,2023-01-12,934.36,Türkiye,Low
954,13470,1848,Isparta,3,2023-01-13,756.37,Türkiye,Low
988,17196,1481,Bingöl,1,2023-01-14,895.92,Türkiye,Low
791,13136,1437,Hakkari,8,2023-01-15,703.21,Türkiye,Medium
79,11272,1140,Samsun,1,2023-01-16,674.5,Türkiye,Low
204,14258,1063,Uşak,3,2023-01-17,994.02,Türkiye,Medium
950,17387,1731,Siirt,9,2023-01-18,140.71,Türkiye,Medium
279,18287,1416,Bilecik,1,2023-01-19,284.51,Türkiye,Low
707,10812,1517,Erzincan,9,2023-01-20,471.71,Türkiye,Low
457,17497,1357,Çanakkale,1,2023-01-21,141.86,Türkiye,High
697,19965,1432,Çankırı,4,2023-01-22,11.87,Türkiye,High
590,15388,1118,Kırşehir,1,2023-01-23,103.1,Türkiye,High
405,14350,1277,Eskişehir,8,2023-01-24,821.03,Türkiye,High
419,10263,1701,Van,4,2023-01-25,314.69,Türkiye,High
884,15250,1450,Balıkesir,9,2023-01-26,985.46,Türkiye,Low
65,18063,1615,Kırıkkale,1,2023-01-27,814.38,Türkiye,Low
222,19925,1653,Siirt,6,2023-01-28,755.26,Türkiye,High
80,12956,1121,Çorum,4,2023-01-29,521.53,Türkiye,Low
565,11076,1179,İstanbul,1,2023-01-30,735.78,Türkiye,Medium
535,18927,1109,Bursa,2,2023-01-31,79.04,Türkiye,Medium
901,17742,1367,Rize,8,2023-02-01,557.5,Türkiye,Medium
259,19590,1561,Artvin,5,2023-02-02,975.26,Türkiye,High
566,13643,1953,Tunceli,8,2023-02-03,527.17,Türkiye,High
891,12801,1185,Elazığ,5,2023-02-04,292.96,Türkiye,High
468,10728,1760,Aksaray,3,2023-02-05,597.05,Türkiye,High
156,13324,1325,Çorum,3,2023-02-06,804.53,Türkiye,High
252,19540,1474,Manisa,9,2023-02-07,243.08,Türkiye,Low
926,13358,1578,Bitlis,3,2023-02-08,107.91,Türkiye,High
802,19948,1849,Kastamonu,3,2023-02-09,281.82,Türkiye,High
967,12413,1231,Ankara,3,2023-02-10,286.37,Türkiye,Low
265,18567,1937,Kayseri,4,2023-02-11,581.66,Türkiye,High
943,12068,1119,Aksaray,3,2023-02-12,591.62,Türkiye,High
354,11712,1589,Tokat,9,2023-02-13,18.21,Türkiye,Medium
676,15080,1302,Kocaeli,6,2023-02-14,420.53,Türkiye,Medium
257,17246,1371,Kırıkkale,9,2023-02-15,300.75,Türkiye,Low
806,10945,1252,Adana,8,2023-02-16,617.83,Türkiye,Medium
599,12208,1857,Mersin,1,2023-02-17,671.39,Türkiye,High
760,17838,1788,Ordu,4,2023-02-18,374.58,Türkiye,Low
187,15710,1894,Burdur,7,2023-02-19,362.09,Türkiye,High
114,14381,1551,Afyonkarahisar,5,2023-02-20,656.24,Türkiye,High
734,13327,1076,Aydın,8,2023-02-21,289.21,Türkiye,Low
184,10779,1566,Çorum,6,2023-02-22,747.62,Türkiye,High
636,11160,1579,Ordu,3,2023-02-23,725.72,Türkiye,Low
53,12522,1077,Karabük,2,2023-02-24,210.99,Türkiye,Low
409,14066,1543,Şırnak,3,2023-02-25,84.61,Türkiye,Medium
234,15474,1801,Şırnak,6,2023-02-26,138.24,Türkiye,Medium
196,17121,1554,Eskişehir,7,2023-02-27,993.87,Türkiye,High
846,19665,1315,Kocaeli,4,2023-02-28,141.53,Türkiye,High
277,13658,1946,Elazığ,2,2023-03-01,212.06,Türkiye,Medium
886,16586,1573,İzmir,1,2023-03-02,842.75,Türkiye,Medium
612,11826,1352,Batman,7,2023-03-03,455.78,Türkiye,Medium
828,19854,1525,İstanbul,9,2023-03-04,896.45,Türkiye,High
414,15977,1828,Yozgat,8,2023-03-05,964.89,Türkiye,Medium
928,17593,1042,Hakkari,9,2023-03-06,387.68,Türkiye,High
984,19617,1413,Isparta,7,2023-03-07,838.4,Türkiye,High
585,13487,1790,Konya,6,2023-03-08,278.47,Türkiye,Medium
192,15656,1693,Kırklareli,5,2023-03-09,403.0,Türkiye,Low
480,16193,1381,Edirne,9,2023-03-10,546.78,Türkiye,Low
930,12224,1321,Malatya,3,2023-03-11,606.92,Türkiye,Low
510,17776,1603,Şanlıurfa,2,2023-03-12,714.12,Türkiye,Medium
487,11527,1560,Tekirdağ,7,2023-03-13,168.62,Türkiye,Medium
851,16343,1412,Çorum,3,2023-03-14,168.04,Türkiye,Medium
960,16877,1863,Aydın,9,2023-03-15,57.42,Türkiye,Low
61,16446,1041,Çanakkale,8,2023-03-16,790.48,Türkiye,Medium
730,19295,1672,Bursa,7,2023-03-17,113.65,Türkiye,High
468,13219,1806,Kırıkkale,3,2023-03-18,234.79,Türkiye,High
228,17462,1004,Hatay,7,2023-03-19,877.39,Türkiye,Medium
957,14030,1332,İzmir,9,2023-03-20,51.76,Türkiye,Low
332,16364,1938,Antalya,6,2023-03-21,751.05,Türkiye,Medium
583,19881,1157,Gümüşhane,3,2023-03-22,315.03,Türkiye,Low
706,15500,1431,Uşak,5,2023-03-23,586.44,Türkiye,Medium
47,14509,1246,Çankırı,8,2023-03-24,629.81,Türkiye,High
4,12518,1377,Muğla,9,2023-03-25,586.78,Türkiye,Low
128,14179,1593,Yozgat,3,2023-03-26,678.41,Türkiye,Low
526,15809,1214,Amasya,4,2023-03-27,272.33,Türkiye,High
753,13898,1151,Iğdır,3,2023-03-28,523.65,Türkiye,Low
570,14121,1869,Ankara,8,2023-03-29,852.84,Türkiye,High
839,11752,1057,Bolu,7,2023-03-30,970.18,Türkiye,High
505,17803,1097,Hakkari,2,2023-03-31,697.35,Türkiye,Low
691,10132,1392,Hatay,2,2023-04-01,502.48,Türkiye,High
300,12222,1053,Bolu,6,2023-04-02,259.48,Türkiye,Low
706,12811,1546,Kütahya,8,2023-04-03,856.44,Türkiye,Medium
596,16933,1606,Tokat,8,2023-04-04,311.24,Türkiye,High
440,10775,1011,Hatay,7,2023-04-05,165.67,Türkiye,High
509,16553,1222,Elazığ,5,2023-04-06,987.5,Türkiye,Medium
281,15033,1410,Ordu,6,2023-04-07,534.59,Türkiye,Medium
222,15885,1616,Kırşehir,8,2023-04-08,294.1,Türkiye,High
351,12669,1193,Gaziantep,1,2023-04-09,866.23,Türkiye,Medium
613,17886,1501,Kayseri,7,2023-04-10,399.07,Türkiye,Low
40,16977,1468,Bartın,2,2023-04-11,632.22,Türkiye,High
151,13163,1695,Konya,8,2023-04-12,691.37,Türkiye,High
99,17179,1074,Artvin,4,2023-04-13,984.76,Türkiye,High
536,19170,1087,Tekirdağ,3,2023-04-14,54.13,Türkiye,Medium
232,10381,1842,Düzce,7,2023-04-15,879.43,Türkiye,High
965,16367,1542,Tokat,9,2023-04-16,637.94,Türkiye,High
936,19114,1901,Hatay,7,2023-04-17,408.78,Türkiye,Low
787,12848,1729,Gümüşhane,3,2023-04-18,455.96,Türkiye,Medium
378,15905,1765,Karabük,2,2023-04-19,965.01,Türkiye,High
690,17405,1077,Adana,9,2023-04-20,302.79,Türkiye,Medium
560,15960,1617,Karabük,8,2023-04-21,868.01,Türkiye,Medium
616,19870,1869,İzmir,3,2023-04-22,29.28,Türkiye,Low
471,10877,1033,Kastamonu,4,2023-04-23,709.85,Türkiye,Low
726,12937,1380,Bolu,2,2023-04-24,18.2,Türkiye,High
104,16721,1683,Erzurum,5,2023-04-25,326.01,Türkiye,High
133,15849,1873,Amasya,2,2023-04-26,454.51,Türkiye,Medium
969,12334,1436,Adana,8,2023-04-27,236.64,Türkiye,Medium
489,14270,1384,Bolu,1,2023-04-28,397.84,Türkiye,High
309,14604,1159,Niğde,9,2023-04-29,64.9,Türkiye,Low
224,19613,1312,Rize,8,2023-04-30,184.08,Türkiye,Medium
475,13312,1919,Diyarbakır,8,2023-05-01,320.51,Türkiye,High
865,18983,1638,Zonguldak,1,2023-05-02,663.07,Türkiye,High
59,16418,1882,Kütahya,9,2023-05-03,115.4,Türkiye,High
306,17220,1111,Çanakkale,3,2023-05-04,258.46,Türkiye,Medium
769,15811,1945,Trabzon,5,2023-05-05,275.25,Türkiye,High
591,10922,1691,Muş,7,2023-05-06,654.44,Türkiye,Medium
425,13591,1673,Ordu,7,2023-05-07,280.68,Türkiye,Medium
429,11737,1907,Edirne,7,2023-05-08,491.78,Türkiye,Medium
707,18350,1073,Kocaeli,9,2023-05-09,678.78,Türkiye,High
333,13797,1822,Niğde,2,2023-05-10,309.47,Türkiye,High
44,14800,1917,Muğla,9,2023-05-11,87.75,Türkiye,Medium
639,14060,1044,Düzce,7,2023-05-12,456.27,Türkiye,High
910,12692,1315,Rize,4,2023-05-13,154.17,Türkiye,Medium
152,10245,1757,Kayseri,9,2023-05-14,925.06,Türkiye,Medium
359,17417,1116,Düzce,5,2023-05-15,145.22,Türkiye,Low
80,10489,1570,Amasya,9,2023-05-16,437.64,Türkiye,High
359,16429,1049,Kırşehir,1,2023-05-17,754.76,Türkiye,High
52,11466,1940,Hatay,4,2023-05-18,658.22,Türkiye,High
9,16123,1089,Bilecik,7,2023-05-19,973.48,Türkiye,Medium
749,13134,1275,Yalova,2,2023-05-20,569.68,Türkiye,Medium
171,14366,1361,Rize,3,2023-05-21,945.38,Türkiye,Medium
159,12142,1553,Eskişehir,1,2023-05-22,256.08,Türkiye,Medium
407,19102,1140,İzmir,9,2023-05-23,906.83,Türkiye,Medium
939,18881,1799,Kayseri,5,2023-05-24,367.67,Türkiye,Medium
724,16544,1798,Yalova,7,2023-05-25,66.31,Türkiye,High
780,14583,1724,Denizli,6,2023-05-26,400.71,Türkiye,Medium
403,17767,1631,Balıkesir,3,2023-05-27,431.2,Türkiye,Low
266,17409,1419,Eskişehir,1,2023-05-28,538.55,Türkiye,High
43,10267,1151,Erzurum,3,2023-05-29,222.79,Türkiye,Medium
534,11753,1114,Osmaniye,5,2023-05-30,716.94,Türkiye,Medium
782,13561,1671,Sinop,7,2023-05-31,815.09,Türkiye,High
578,17482,1849,Kahramanmaraş,3,2023-06-01,46.94,Türkiye,Medium
938,12142,1136,Balıkesir,7,2023-06-02,308.72,Türkiye,Medium
234,17268,1644,Kastamonu,5,2023-06-03,709.82,Türkiye,Medium
723,15094,1453,Osmaniye,1,2023-06-04,291.87,Türkiye,Low
440,18250,1662,Isparta,3,2023-06-05,473.51,Türkiye,Low
532,16702,1019,Aksaray,5,2023-06-06,301.68,Türkiye,High
87,11765,1901,Sakarya,9,2023-06-07,526.03,Türkiye,Medium
354,11198,1500,Zonguldak,1,2023-06-08,353.42,Türkiye,Low
462,18457,1253,Iğdır,4,2023-06-09,824.44,Türkiye,Medium
204,17277,1628,Muğla,6,2023-06-10,962.11,Türkiye,Medium
61,15810,1206,Kastamonu,6,2023-06-11,63.45,Türkiye,High
347,14140,1906,Artvin,9,2023-06-12,531.12,Türkiye,Low
637,14304,1626,Bitlis,8,2023-06-13,188.69,Türkiye,High
416,13944,1994,Kütahya,1,2023-06-14,662.17,Türkiye,Low
825,11664,1425,Siirt,6,2023-06-15,724.35,Türkiye,High
831,18728,1161,Giresun,9,2023-06-16,744.38,Türkiye,High
51,10640,1078,Gaziantep,7,2023-06-17,173.65,Türkiye,Medium
903,19298,1004,Aksaray,4,2023-06-18,241.51,Türkiye,Medium
381,18569,1196,Eskişehir,1,2023-06-19,521.72,Türkiye,Low
524,18614,1295,Kilis,1,2023-06-20,242.16,Türkiye,High
849,11232,1915,Kars,8,2023-06-21,381.46,Türkiye,Low
578,16729,1547,Afyonkarahisar,9,2023-06-22,158.65,Türkiye,Low
389,10068,1334,Afyonkarahisar,3,2023-06-23,643.44,Türkiye,Medium
47,15634,1861,Karaman,1,2023-06-24,614.15,Türkiye,High
330,13408,1172,Bitlis,2,2023-06-25,380.36,Türkiye,Medium
483,10149,1093,Afyonkarahisar,8,2023-06-26,606.06,Türkiye,Low
514,10289,1456,Kahramanmaraş,9,2023-06-27,331.27,Türkiye,Low
486,16513,1486,Kocaeli,7,2023-06-28,830.3,Türkiye,High
79,12886,1646,Erzurum,8,2023-06-29,940.45,Türkiye,High
664,12559,1717,Ardahan,9,2023-06-30,510.91,Türkiye,High
129,15207,1488,Batman,4,2023-07-01,797.42,Türkiye,Medium
551,17725,1185,Rize,5,2023-07-02,217.22,Türkiye,High
230,12392,1461,Tokat,3,2023-07-03,83.14,Türkiye,High
239,18971,1366,Çanakkale,9,2023-07-04,818.09,Türkiye,High
925,12031,1650,Amasya,4,2023-07-05,695.42,Türkiye,Low
653,17339,1076,Rize,8,2023-07-06,167.0,Türkiye,Medium
535,10119,1274,Çankırı,4,2023-07-07,415.63,Türkiye,Medium
221,10308,1143,Gaziantep,5,2023-07-08,494.58,Türkiye,Low
514,19316,1509,Kars,5,2023-07-09,237.16,Türkiye,High
674,17800,1810,Kırşehir,7,2023-07-10,556.31,Türkiye,Medium
167,16798,1142,Kırıkkale,2,2023-07-11,195.83,Türkiye,Low
823,17657,1160,Aksaray,1,2023-07-12,112.85,Türkiye,High
922,14986,1632,Sinop,6,2023-07-13,309.81,Türkiye,Low
468,17281,1231,Aydın,6,2023-07-14,145.89,Türkiye,Low
146,18548,1191,Sinop,5,2023-07-15,178.6,Türkiye,Medium
537,16335,1182,Muğla,2,2023-07-16,233.96,Türkiye,Low
424,10661,1039,Adıyaman,3,2023-07-17,275.42,Türkiye,Medium
822,18184,1830,Kütahya,6,2023-07-18,431.78,Türkiye,Low
323,12107,1511,Bayburt,1,2023-07-19,290.53,Türkiye,High
75,13009,1068,Erzincan,9,2023-07-20,461.67,Türkiye,Low
114,17739,1287,Şanlıurfa,4,2023-07-21,434.1,Türkiye,Medium
226,14855,1003,İstanbul,2,2023-07-22,323.42,Türkiye,Low
397,12153,1228,Kars,9,2023-07-23,142.8,Türkiye,Medium
958,16459,1572,Karaman,9,2023-07-24,126.61,Türkiye,Medium
571,19431,1312,Bolu,6,2023-07-25,567.35,Türkiye,Medium
13,15594,1033,Niğde,3,2023-07-26,128.5,Türkiye,Low
746,16158,1868,Van,7,2023-07-27,334.43,Türkiye,Medium
197,18627,1508,Karabük,3,2023-07-28,750.1,Türkiye,High
9,12786,1124,Kırşehir,2,2023-07-29,272.21,Türkiye,Low
519,10978,1785,Osmaniye,2,2023-07-30,54.47,Türkiye,Low
34,16228,1489,Eskişehir,7,2023-07-31,585.85,Türkiye,Medium
120,16719,1090,Gaziantep,3,2023-08-01,883.95,Türkiye,Medium
841,17771,1252,Samsun,2,2023-08-02,365.07,Türkiye,Low
300,14900,1623,Karaman,7,2023-08-03,708.12,Türkiye,Low
307,19057,1566,Adana,9,2023-08-04,950.21,Türkiye,Low
407,19162,1498,Erzincan,6,2023-08-05,573.06,Türkiye,Medium
306,18868,1915,Van,2,2023-08-06,76.49,Türkiye,Medium
228,18982,1220,Sivas,4,2023-08-07,648.26,Türkiye,High
30,18369,1471,Sivas,6,2023-08-08,519.98,Türkiye,Medium
104,15095,1074,Bolu,9,2023-08-09,911.02,Türkiye,High
350,11614,1950,Kayseri,5,2023-08-10,76.02,Türkiye,Medium
323,13928,1116,Hatay,5,2023-08-11,636.0,Türkiye,Low
522,19831,1019,Sinop,8,2023-08-12,614.67,Türkiye,Medium
635,11354,1601,Malatya,1,2023-08-13,453.95,Türkiye,High
776,13996,1571,Van,9,2023-08-14,884.55,Türkiye,High
451,17675,1645,Kütahya,9,2023-08-15,861.24,Türkiye,Medium
730,10739,1050,Adana,3,2023-08-16,464.91,Türkiye,Medium
279,19219,1786,Batman,3,2023-08-17,663.35,Türkiye,Low
924,10885,1343,Edirne,7,2023-08-18,942.01,Türkiye,High
596,19040,1803,Muş,7,2023-08-19,403.08,Türkiye,Low
388,12736,1239,Antalya,6,2023-08-20,418.28,Türkiye,Low
225,19666,1589,Muğla,6,2023-08-21,732.28,Türkiye,High
901,16883,1751,Kırşehir,3,2023-08-22,613.19,Türkiye,Medium
232,10692,1316,Aydın,1,2023-08-23,880.73,Türkiye,Low
674,19114,1006,Bartın,6,2023-08-24,180.24,Türkiye,Low
737,12984,1321,Erzincan,3,2023-08-25,489.06,Türkiye,High
195,13985,1559,Zonguldak,8,2023-08-26,627.39,Türkiye,Low
500,17426,1531,Erzurum,2,2023-08-27,233.48,Türkiye,Low
181,13412,1165,Afyonkarahisar,4,2023-08-28,192.68,Türkiye,Medium
360,17751,1649,Afyonkarahisar,8,2023-08-29,807.3,Türkiye,Medium
642,12474,1356,Bingöl,3,2023-08-30,99.56,Türkiye,Low
461,12924,1712,Aksaray,3,2023-08-31,583.07,Türkiye,Low
258,13104,1656,Kars,5,2023-09-01,735.42,Türkiye,Medium
803,17285,1142,Burdur,9,2023-09-02,681.49,Türkiye,High
796,19332,1491,Erzincan,4,2023-09-03,958.08,Türkiye,Medium
958,15238,1857,Sinop,2,2023-09-04,456.99,Türkiye,High
111,17981,1012,Kütahya,1,2023-09-05,254.72,Türkiye,High
129,10094,1555,Hatay,5,2023-09-06,85.25,Türkiye,Low
672,17077,1208,Isparta,3,2023-09-07,897.18,Türkiye,Medium
507,13561,1407,Ordu,6,2023-09-08,532.35,Türkiye,Medium
582,16672,1815,Tekirdağ,6,2023-09-09,265.87,Türkiye,Low
457,11327,1761,Adıyaman,7,2023-09-10,627.45,Türkiye,Medium
546,15520,1183,Bayburt,3,2023-09-11,206.33,Türkiye,High
968,17461,1099,Eskişehir,4,2023-09-12,353.42,Türkiye,Medium
939,15316,1123,Yozgat,2,2023-09-13,354.85,Türkiye,Low
240,17297,1717,Ankara,2,2023-09-14,785.72,Türkiye,High
623,10522,1146,Sinop,7,2023-09-15,298.85,Türkiye,Low
738,13471,1452,Iğdır,2,2023-09-16,463.74,Türkiye,Medium
755,15066,1926,Sivas,2,2023-09-17,385.81,Türkiye,High
688,18813,1923,Kayseri,5,2023-09-18,568.17,Türkiye,Medium
190,15270,1724,Tunceli,2,2023-09-19,424.89,Türkiye,High
260,18585,1188,Şanlıurfa,2,2023-09-20,467.81,Türkiye,High
393,11085,1733,Edirne,5,2023-09-21,242.57,Türkiye,Low
481,16115,1666,İstanbul,1,2023-09-22,619.65,Türkiye,Medium
709,18611,1230,Çankırı,9,2023-09-23,748.48,Türkiye,Low
257,11725,1363,Sivas,8,2023-09-24,176.56,Türkiye,High
704,11309,1525,Kastamonu,3,2023-09-25,452.14,Türkiye,Medium
919,17689,1414,Mardin,3,2023-09-26,940.15,Türkiye,Medium
725,17257,1651,Malatya,9,2023-09-27,637.83,Türkiye,Medium
786,17329,1303,Karaman,4,2023-09-28,771.19,Türkiye,Low
208,19315,1337,Trabzon,1,2023-09-29,209.38,Türkiye,Low
378,11592,1148,Ankara,5,2023-09-30,205.67,Türkiye,Low
674,18927,1943,Muş,1,2023-10-01,299.97,Türkiye,High
777,15950,1557,Artvin,5,2023-10-02,848.52,Türkiye,Medium
655,13477,1201,Uşak,8,2023-10-03,90.81,Türkiye,Low
394,15211,1969,Hakkari,7,2023-10-04,318.5,Türkiye,Low
763,13858,1916,Malatya,2,2023-10-05,942.63,Türkiye,High
371,17506,1759,Kayseri,2,2023-10-06,797.27,Türkiye,Medium
605,17190,1155,Siirt,9,2023-10-07,910.07,Türkiye,Medium
516,15578,1424,Muğla,3,2023-10-08,546.5,Türkiye,Medium
288,12580,1146,Edirne,7,2023-10-09,819.27,Türkiye,Low
417,19553,1720,Samsun,8,2023-10-10,292.82,Türkiye,Medium
905,11753,1531,Tunceli,1,2023-10-11,858.78,Türkiye,Low
883,11604,1529,Ardahan,6,2023-10-12,724.23,Türkiye,Medium
457,18531,1199,Niğde,4,2023-10-13,654.87,Türkiye,Medium
473,16993,1349,Kocaeli,8,2023-10-14,223.45,Türkiye,Low
517,17094,1670,Bingöl,6,2023-10-15,788.19,Türkiye,Medium
90,10378,1096,Bilecik,9,2023-10-16,803.93,Türkiye,Medium
387,11732,1316,Batman,4,2023-10-17,420.91,Türkiye,Medium
342,13977,1656,Kırıkkale,3,2023-10-18,273.72,Türkiye,Low
904,18659,1276,Kütahya,1,2023-10-19,119.06,Türkiye,Low
963,15908,1354,Tunceli,9,2023-10-20,607.51,Türkiye,High
277,13206,1403,Bursa,1,2023-10-21,896.83,Türkiye,Medium
713,11638,1685,Adıyaman,7,2023-10-22,622.22,Türkiye,High
189,11993,1317,Bilecik,8,2023-10-23,186.08,Türkiye,High
128,10219,1188,Artvin,8,2023-10-24,546.29,Türkiye,High
161,19165,1294,Düzce,5,2023-10-25,977.13,Türkiye,Medium
213,14182,1553,Konya,1,2023-10-26,360.45,Türkiye,Medium
520,12447,1423,Aydın,9,2023-10-27,29.33,Türkiye,Medium
620,13237,1544,Tunceli,9,2023-10-28,185.48,Türkiye,Low
921,12700,1701,Burdur,2,2023-10-29,565.56,Türkiye,High
255,11087,1428,Muğla,2,2023-10-30,822.99,Türkiye,Low
287,19127,1774,Erzincan,3,2023-10-31,508.06,Türkiye,High
411,19589,1721,İzmir,2,2023-11-01,61.58,Türkiye,High
856,17147,1764,Kayseri,4,2023-11-02,847.59,Türkiye,High
99,10357,1169,Samsun,7,2023-11-03,567.47,Türkiye,Low
247,13827,1434,Kars,6,2023-11-04,578.72,Türkiye,Low
326,19535,1370,Ağrı,8,2023-11-05,135.94,Türkiye,Medium
129,13338,1870,Trabzon,2,2023-11-06,158.22,Türkiye,High
927,18256,1094,Batman,1,2023-11-07,16.63,Türkiye,Low
976,10426,1701,Isparta,8,2023-11-08,896.97,Türkiye,High
323,17337,1011,Nevşehir,4,2023-11-09,629.57,Türkiye,High
850,10707,1200,Osmaniye,1,2023-11-10,961.04,Türkiye,High
966,17306,1002,Artvin,9,2023-11-11,322.91,Türkiye,High
216,18365,1991,Bolu,8,2023-11-12,261.12,Türkiye,High
758,12516,1744,Çorum,8,2023-11-13,975.2,Türkiye,High
789,12982,1478,Burdur,7,2023-11-14,133.02,Türkiye,High
756,16332,1626,Nevşehir,1,2023-11-15,902.93,Türkiye,Low
358,12232,1728,Malatya,5,2023-11-16,950.59,Türkiye,Medium
390,15256,1964,Bilecik,9,2023-11-17,178.66,Türkiye,Medium
351,15777,1865,Diyarbakır,5,2023-11-18,15.83,Türkiye,High
955,12841,1267,Çorum,3,2023-11-19,859.58,Türkiye,Low
65,14577,1335,Konya,9,2023-11-20,518.71,Türkiye,High
311,15646,1316,Zonguldak,7,2023-11-21,313.46,Türkiye,Low
708,11175,1543,Sinop,2,2023-11-22,935.95,Türkiye,High
594,12914,1086,Sinop,1,2023-11-23,718.25,Türkiye,High
398,15944,1320,Tokat,8,2023-11-24,216.68,Türkiye,High
876,16565,1934,Kilis,2,2023-11-25,69.33,Türkiye,Low
829,11479,1604,Bilecik,2,2023-11-26,528.72,Türkiye,Low
80,11460,1236,Bilecik,2,2023-11-27,671.7,Türkiye,Medium
378,19600,1643,Malatya,8,2023-11-28,698.25,Türkiye,Medium
878,15902,1252,Bingöl,7,2023-11-29,923.07,Türkiye,High
341,17001,1716,Bayburt,3,2023-11-30,918.8,Türkiye,Low
573,19633,1104,Bitlis,2,2023-12-01,569.15,Türkiye,High
511,14982,1579,Bolu,9,2023-12-02,876.3,Türkiye,Medium
18,10748,1833,Niğde,3,2023-12-03,980.61,Türkiye,Low
236,18694,1996,Aydın,8,2023-12-04,105.26,Türkiye,High
413,14504,1602,Kayseri,5,2023-12-05,799.69,Türkiye,Medium
338,11475,1054,Ankara,1,2023-12-06,13.54,Türkiye,Low
593,18576,1821,Rize,7,2023-12-07,194.08,Türkiye,High
429,13917,1107,Samsun,4,2023-12-08,56.09,Türkiye,Low
848,15734,1193,Siirt,8,2023-12-09,240.13,Türkiye,High
528,14564,1593,Bilecik,6,2023-12-10,739.91,Türkiye,Low
897,12027,1083,Antalya,5,2023-12-11,186.16,Türkiye,Low
578,13479,1371,Antalya,1,2023-12-12,98.99,Türkiye,High
161,12012,1496,Bolu,2,2023-12-13,258.62,Türkiye,High
720,12849,1461,Uşak,7,2023-12-14,472.16,Türkiye,High
576,14674,1275,Tokat,4,2023-12-15,118.68,Türkiye,Low
84,18553,1086,Isparta,7,2023-12-16,150.02,Türkiye,Low
991,10680,1323,Kars,1,2023-12-17,142.05,Türkiye,Low
56,18896,1815,Bartın,2,2023-12-18,497.03,Türkiye,Low
17,19768,1518,Yozgat,4,2023-12-19,448.05,Türkiye,Medium
740,17673,1672,Elazığ,2,2023-12-20,266.81,Türkiye,Medium
541,16075,1816,Kilis,2,2023-12-21,916.83,Türkiye,High
30,18234,1589,Elazığ,9,2023-12-22,492.56,Türkiye,Medium
979,16075,1943,Konya,1,2023-12-23,36.52,Türkiye,High
467,18658,1438,Kilis,3,2023-12-24,704.34,Türkiye,Medium
482,10829,1868,Ağrı,9,2023-12-25,483.88,Türkiye,Low
451,11488,1121,Aydın,2,2023-12-26,438.56,Türkiye,Low
672,14766,1070,Giresun,2,2023-12-27,230.98,Türkiye,Low
780,13367,1160,Yalova,3,2023-12-28,276.25,Türkiye,Medium
195,11032,1108,Bolu,8,2023-12-29,544.89,Türkiye,Low
342,19329,1848,Sinop,3,2023-12-30,462.82,Türkiye,Medium
469,16204,1948,Van,3,2023-12-31,532.1,Türkiye,Low
498,18164,1876,Kars,5,2024-01-01,288.95,Türkiye,Medium
721,19495,1534,Sakarya,5,2024-01-02,426.68,Türkiye,Medium
572,12274,1846,Sinop,3,2024-01-03,35.77,Türkiye,Medium
697,14588,1814,Bingöl,7,2024-01-04,233.41,Türkiye,High
727,16117,1873,Eskişehir,4,2024-01-05,306.38,Türkiye,High
513,10058,1352,Diyarbakır,9,2024-01-06,127.63,Türkiye,Medium
767,19027,1025,Afyonkarahisar,8,2024-01-07,52.12,Türkiye,Medium
389,15087,1726,Samsun,6,2024-01-08,697.6,Türkiye,High
584,14758,1542,Bitlis,8,2024-01-09,597.6,Türkiye,Low
906,11170,1130,Çankırı,3,2024-01-10,409.08,Türkiye,Low
353,11139,1678,Elazığ,9,2024-01-11,775.06,Türkiye,High
222,18257,1022,Eskişehir,9,2024-01-12,441.24,Türkiye,Low
683,13703,1431,Çankırı,6,2024-01-13,36.58,Türkiye,Low
446,13890,1018,Rize,2,2024-01-14,501.37,Türkiye,Low
258,14206,1515,Yozgat,2,2024-01-15,864.59,Türkiye,Medium
983,13414,1805,Ordu,8,2024-01-16,632.93,Türkiye,High
634,15913,1588,Balıkesir,7,2024-01-17,938.74,Türkiye,Medium
849,12152,1717,Karabük,2,2024-01-18,196.36,Türkiye,Low
358,19764,1686,Artvin,9,2024-01-19,228.31,Türkiye,Low
78,13379,1909,Malatya,7,2024-01-20,119.62,Türkiye,Low
260,11304,1781,Kütahya,8,2024-01-21,450.62,Türkiye,Medium
23,18643,1050,Bursa,8,2024-01-22,611.75,Türkiye,High
976,17983,1007,Kars,5,2024-01-23,938.37,Türkiye,Low
47,11035,1720,Niğde,9,2024-01-24,150.7,Türkiye,Low
990,10692,1346,Diyarbakır,1,2024-01-25,826.38,Türkiye,Low
659,16636,1733,Iğdır,8,2024-01-26,544.79,Türkiye,High
895,17845,1579,Denizli,4,2024-01-27,615.03,Türkiye,Low
924,12067,1427,Yozgat,2,2024-01-28,901.6,Türkiye,High
384,13470,1284,Rize,5,2024-01-29,572.37,Türkiye,Low
920,11169,1392,Aydın,6,2024-01-30,64.04,Türkiye,Low
127,19092,1500,Eskişehir,1,2024-01-31,856.57,Türkiye,Medium
809,11829,1911,Kastamonu,6,2024-02-01,982.62,Türkiye,Low
414,15430,1738,Düzce,6,2024-02-02,360.18,Türkiye,Medium
180,15868,1861,Ağrı,7,2024-02-03,856.14,Türkiye,Medium
738,13223,1759,Zonguldak,8,2024-02-04,367.18,Türkiye,Low
718,16090,1440,Sakarya,7,2024-02-05,437.84,Türkiye,Low
711,11616,1516,Ağrı,3,2024-02-06,730.79,Türkiye,High
113,10056,1379,Bolu,7,2024-02-07,843.53,Türkiye,Medium
642,15910,1322,Mersin,3,2024-02-08,840.67,Türkiye,Low
35,17791,1361,Tunceli,8,2024-02-09,848.37,Türkiye,Low
23,14628,1080,Manisa,1,2024-02-10,258.67,Türkiye,Medium
53,10162,1537,Rize,8,2024-02-11,766.2,Türkiye,High
978,15484,1103,Diyarbakır,6,2024-02-12,779.56,Türkiye,Medium
326,15078,1007,Adana,6,2024-02-13,436.31,Türkiye,High
412,17669,1368,Çankırı,7,2024-02-14,825.65,Türkiye,Medium
244,19864,1425,Siirt,7,2024-02-15,744.39,Türkiye,Low
121,19936,1940,Ordu,4,2024-02-16,218.09,Türkiye,Low
240,19288,1523,Adıyaman,6,2024-02-17,169.78,Türkiye,High
308,12733,1857,Bayburt,1,2024-02-18,609.17,Türkiye,Medium
578,15244,1847,Karaman,1,2024-02-19,356.63,Türkiye,Low
611,15720,1683,Erzurum,7,2024-02-20,263.32,Türkiye,High
860,11693,1340,Hakkari,7,2024-02-21,681.68,Türkiye,High
575,12199,1974,Sakarya,1,2024-02-22,909.93,Türkiye,Medium
218,10466,1272,Kilis,9,2024-02-23,90.12,Türkiye,High
283,18089,1376,Balıkesir,6,2024-02-24,986.92,Türkiye,High
919,19414,1674,Bingöl,6,2024-02-25,209.71,Türkiye,Medium
213,10002,1336,Bolu,6,2024-02-26,660.2,Türkiye,Low
231,16100,1939,Nevşehir,4,2024-02-27,88.33,Türkiye,Medium
36,12636,1664,Bartın,4,2024-02-28,549.88,Türkiye,High
525,11002,1411,Tokat,1,2024-02-29,714.43,Türkiye,High
907,17620,1926,Tekirdağ,9,2024-03-01,804.35,Türkiye,Medium
819,19754,1202,Muğla,7,2024-03-02,892.46,Türkiye,Low
225,18006,1504,Bingöl,6,2024-03-03,507.72,Türkiye,High
175,15123,1185,Kayseri,6,2024-03-04,571.14,Türkiye,Medium
49,15569,1102,Ağrı,1,2024-03-05,620.5,Türkiye,High
491,17299,1273,Giresun,9,2024-03-06,66.73,Türkiye,High
825,17199,1610,Ağrı,4,2024-03-07,912.87,Türkiye,Low
343,12143,1058,Elazığ,7,2024-03-08,607.93,Türkiye,High
14,14473,1326,Antalya,2,2024-03-09,614.02,Türkiye,Medium
938,10956,1244,Muğla,8,2024-03-10,603.08,Türkiye,Low
86,10332,1281,Yozgat,7,2024-03-11,298.46,Türkiye,Low
824,15621,1898,Sakarya,3,2024-03-12,985.17,Türkiye,Low
904,10311,1433,Aydın,5,2024-03-13,179.24,Türkiye,Medium
242,13848,1168,Mersin,6,2024-03-14,267.99,Türkiye,Medium
266,13984,1498,Kırşehir,4,2024-03-15,853.71,Türkiye,Low
535,18195,1222,Tunceli,7,2024-03-16,115.84,Türkiye,Medium
863,10077,1465,Osmaniye,8,2024-03-17,386.62,Türkiye,Medium
74,14074,1737,Balıkesir,3,2024-03-18,985.87,Türkiye,Medium
677,16196,1570,Burdur,4,2024-03-19,67.49,Türkiye,Medium
127,11313,1222,Kırıkkale,5,2024-03-20,956.19,Türkiye,Medium
808,18531,1111,Kütahya,2,2024-03-21,221.3,Türkiye,Low
350,14429,1930,Afyonkarahisar,9,2024-03-22,261.55,Türkiye,High
553,17305,1522,Elazığ,7,2024-03-23,790.58,Türkiye,Medium
260,19394,1946,Tokat,1,2024-03-24,869.23,Türkiye,Low
254,11801,1135,Bayburt,3,2024-03-25,128.72,Türkiye,High
446,13582,1012,Batman,7,2024-03-26,211.17,Türkiye,High
101,16063,1942,Kırşehir,6,2024-03-27,621.76,Türkiye,Medium
250,18985,1636,Rize,7,2024-03-28,270.81,Türkiye,Medium
344,19818,1567,Kars,3,2024-03-29,872.77,Türkiye,Medium
718,13937,1650,Düzce,3,2024-03-30,891.7,Türkiye,Medium
668,16789,1452,Kayseri,5,2024-03-31,474.57,Türkiye,Medium
270,19472,1684,İzmir,3,2024-04-01,384.74,Türkiye,Low
379,18761,1270,Adıyaman,4,2024-04-02,506.79,Türkiye,Low
956,12357,1454,Hakkari,2,2024-04-03,468.75,Türkiye,Medium
142,17171,1830,Muş,9,2024-04-04,788.04,Türkiye,High
421,11789,1938,Uşak,6,2024-04-05,959.12,Türkiye,High
629,13150,1990,Balıkesir,5,2024-04-06,84.1,Türkiye,Medium
97,16525,1750,Bursa,7,2024-04-07,485.72,Türkiye,High
117,18528,1690,Zonguldak,8,2024-04-08,24.6,Türkiye,Medium
794,19060,1644,Mardin,2,2024-04-09,843.91,Türkiye,Low
335,19544,1518,Hatay,4,2024-04-10,117.0,Türkiye,Low
716,16118,1639,Zonguldak,3,2024-04-11,582.04,Türkiye,Medium
108,11051,1741,Mardin,1,2024-04-12,396.1,Türkiye,Low
986,19459,1216,Karaman,5,2024-04-13,914.72,Türkiye,High
398,16428,1517,Burdur,5,2024-04-14,787.55,Türkiye,Medium
369,17704,1610,Edirne,4,2024-04-15,904.34,Türkiye,Medium
718,10779,1433,Yalova,3,2024-04-16,917.13,Türkiye,Medium
227,13596,1352,Ağrı,7,2024-04-17,455.14,Türkiye,High
120,15114,1762,Afyonkarahisar,7,2024-04-18,762.95,Türkiye,Low
134,11425,1123,Konya,9,2024-04-19,961.66,Türkiye,High
317,18449,1422,Bitlis,3,2024-04-20,962.62,Türkiye,Medium
498,14978,1476,Ankara,8,2024-04-21,964.73,Türkiye,Low
190,15293,1067,Mardin,6,2024-04-22,267.29,Türkiye,Low
150,10931,1658,Mardin,3,2024-04-23,864.13,Türkiye,Low
104,16020,1819,Kars,9,2024-04-24,838.03,Türkiye,Medium
423,16517,1470,Edirne,3,2024-04-25,526.63,Türkiye,High
397,15064,1726,Erzurum,2,2024-04-26,366.45,Türkiye,High
202,12325,1935,Karabük,2,2024-04-27,440.07,Türkiye,Medium
143,13854,1294,Manisa,1,2024-04-28,94.83,Türkiye,High
732,17823,1327,Muğla,1,2024-04-29,120.74,Türkiye,High
748,14500,1747,Rize,8,2024-04-30,74.09,Türkiye,Medium
595,15296,1597,Çanakkale,1,2024-05-01,134.94,Türkiye,Low
8,11823,1558,Aydın,3,2024-05-02,210.5,Türkiye,High
62,13629,1738,Samsun,1,2024-05-03,341.6,Türkiye,High
225,19904,1487,Gaziantep,1,2024-05-04,212.01,Türkiye,Low
823,16674,1322,Malatya,5,2024-05-05,171.32,Türkiye,High
381,10286,1824,Ardahan,9,2024-05-06,765.61,Türkiye,Low
709,17774,1073,Ardahan,7,2024-05-07,123.83,Türkiye,Low
265,12546,1858,Ordu,7,2024-05-08,936.66,Türkiye,Medium
693,18150,1795,Yalova,1,2024-05-09,521.52,Türkiye,Low
238,10409,1157,Eskişehir,1,2024-05-10,824.93,Türkiye,Medium
647,19366,1163,Balıkesir,5,2024-05-11,575.31,Türkiye,High
973,11941,1880,Hatay,9,2024-05-12,388.09,Türkiye,Medium
706,17518,1837,Amasya,4,2024-05-13,811.91,Türkiye,High
234,13524,1918,Siirt,7,2024-05-14,607.87,Türkiye,Medium
620,18133,1805,Isparta,8,2024-05-15,16.86,Türkiye,Medium
951,16851,1497,Muğla,8,2024-05-16,33.6,Türkiye,Low
101,18556,1816,Eskişehir,5,2024-05-17,103.15,Türkiye,Medium
12,16848,1751,Sakarya,4,2024-05-18,524.23,Türkiye,High
129,17227,1011,Malatya,5,2024-05-19,961.64,Türkiye,Medium
220,17682,1256,Ardahan,5,2024-05-20,89.37,Türkiye,High
763,10279,1450,Ankara,5,2024-05-21,481.79,Türkiye,High
12,15306,1751,Bursa,6,2024-05-22,691.18,Türkiye,Low
653,15086,1024,Sivas,4,2024-05-23,686.84,Türkiye,High
199,10689,1364,İzmir,1,2024-05-24,331.33,Türkiye,Medium
636,11205,1439,Giresun,4,2024-05-25,193.72,Türkiye,Medium
967,19463,1640,Samsun,6,2024-05-26,631.74,Türkiye,Low
775,14648,1246,Karaman,1,2024-05-27,876.2,Türkiye,High
997,11041,1561,Isparta,6,2024-05-28,943.78,Türkiye,Medium
518,13135,1644,Rize,8,2024-05-29,735.99,Türkiye,High
268,14077,1746,Hakkari,9,2024-05-30,140.8,Türkiye,Low
255,13417,1041,Bayburt,8,2024-05-31,497.36,Türkiye,Medium
663,10823,1463,Kayseri,1,2024-06-01,885.24,Türkiye,Low
129,10721,1330,İstanbul,5,2024-06-02,74.33,Türkiye,Low
484,16961,1263,Niğde,8,2024-06-03,635.14,Türkiye,High
786,18413,1985,Şanlıurfa,9,2024-06-04,426.94,Türkiye,Medium
916,16024,1327,Kilis,2,2024-06-05,95.38,Türkiye,High
643,13938,1095,Samsun,2,2024-06-06,189.04,Türkiye,High
96,13924,1829,Balıkesir,8,2024-06-07,678.3,Türkiye,Medium
361,11928,1046,Kırşehir,7,2024-06-08,766.91,Türkiye,Low
713,13181,1921,Ankara,1,2024-06-09,30.77,Türkiye,High
708,16248,1146,Ağrı,6,2024-06-10,430.77,Türkiye,High
210,11259,1120,Çankırı,4,2024-06-11,594.72,Türkiye,Medium
622,18919,1354,Düzce,2,2024-06-12,697.18,Türkiye,High
634,16415,1587,Nevşehir,1,2024-06-13,638.65,Türkiye,Medium
35,10203,1522,Giresun,9,2024-06-14,909.94,Türkiye,Low
228,14219,1911,Bilecik,6,2024-06-15,248.04,Türkiye,Low
788,11028,1616,Ağrı,9,2024-06-16,970.56,Türkiye,High
461,10472,1659,Afyonkarahisar,6,2024-06-17,343.22,Türkiye,Medium
587,18990,1777,Malatya,5,2024-06-18,163.81,Türkiye,Medium
449,15707,1651,Konya,4,2024-06-19,61.37,Türkiye,Medium
864,18008,1053,Gümüşhane,9,2024-06-20,123.22,Türkiye,Medium
385,14307,1839,Bilecik,4,2024-06-21,774.39,Türkiye,Medium
417,14492,1153,Zonguldak,7,2024-06-22,942.62,Türkiye,Low
155,16964,1013,Siirt,2,2024-06-23,475.74,Türkiye,Medium
389,18263,1546,Afyonkarahisar,3,2024-06-24,85.72,Türkiye,Low
503,10315,1688,Siirt,6,2024-06-25,208.2,Türkiye,High
241,15645,1670,Aydın,9,2024-06-26,330.88,Türkiye,Low
346,13593,1706,Balıkesir,1,2024-06-27,178.21,Türkiye,Medium
126,16881,1910,Burdur,2,2024-06-28,402.65,Türkiye,Low
227,13609,1969,Batman,7,2024-06-29,648.31,Türkiye,Low
572,13218,1062,Isparta,8,2024-06-30,261.29,Türkiye,Medium
302,18872,1740,Hakkari,1,2024-07-01,316.2,Türkiye,Low
454,19175,1745,Adıyaman,7,2024-07-02,313.72,Türkiye,Low
701,14100,1523,Bursa,9,2024-07-03,773.5,Türkiye,Medium
977,12996,1028,Balıkesir,1,2024-07-04,879.26,Türkiye,Medium
803,14386,1710,Sinop,5,2024-07-05,657.28,Türkiye,Medium
802,11936,1103,İstanbul,3,2024-07-06,543.53,Türkiye,High
850,11944,1074,Zonguldak,4,2024-07-07,210.88,Türkiye,High
666,12270,1433,Kilis,9,2024-07-08,54.41,Türkiye,Low
92,12139,1255,Gaziantep,3,2024-07-09,883.57,Türkiye,Low
279,18558,1830,Zonguldak,3,2024-07-10,151.94,Türkiye,Medium
53,13259,1431,Antalya,8,2024-07-11,745.25,Türkiye,High
218,12599,1137,Giresun,2,2024-07-12,355.36,Türkiye,Medium
238,11995,1387,Afyonkarahisar,7,2024-07-13,609.54,Türkiye,High
572,16193,1067,Tekirdağ,5,2024-07-14,643.98,Türkiye,Medium
862,12840,1941,Sakarya,8,2024-07-15,496.96,Türkiye,Medium
27,16355,1940,Kırıkkale,9,2024-07-16,243.46,Türkiye,Medium
548,14312,1647,Eskişehir,3,2024-07-17,474.3,Türkiye,High
64,12327,1240,Edirne,7,2024-07-18,375.72,Türkiye,Medium
663,16640,1162,Gümüşhane,6,2024-07-19,402.26,Türkiye,High
202,16513,1103,Adana,9,2024-07-20,789.7,Türkiye,High
986,16530,1915,Kırşehir,6,2024-07-21,388.55,Türkiye,High
967,16890,1661,Bilecik,4,2024-07-22,348.0,Türkiye,Low
767,18376,1920,Kayseri,7,2024-07-23,844.4,Türkiye,Low
769,15626,1240,Zonguldak,7,2024-07-24,501.21,Türkiye,Low
901,15905,1714,Afyonkarahisar,3,2024-07-25,480.96,Türkiye,Low
530,13431,1124,Kayseri,4,2024-07-26,100.78,Türkiye,Low
677,13103,1481,Gümüşhane,6,2024-07-27,31.56,Türkiye,Low
783,15346,1810,Kırklareli,4,2024-07-28,299.43,Türkiye,Low
423,13056,1197,Tekirdağ,9,2024-07-29,273.21,Türkiye,Medium
206,16423,1022,Sakarya,9,2024-07-30,783.46,Türkiye,High
993,14451,1263,Balıkesir,3,2024-07-31,763.71,Türkiye,Low
577,15683,1396,Mersin,5,2024-08-01,716.74,Türkiye,High
791,14563,1478,Siirt,2,2024-08-02,137.56,Türkiye,Low
772,16263,1505,Edirne,1,2024-08-03,509.19,Türkiye,Medium
517,14084,1711,Kocaeli,7,2024-08-04,13.3,Türkiye,High
399,13443,1190,Diyarbakır,9,2024-08-05,157.08,Türkiye,High
604,16784,1902,Diyarbakır,6,2024-08-06,349.86,Türkiye,Low
419,18128,1732,Şanlıurfa,4,2024-08-07,721.45,Türkiye,High
306,12059,1007,Malatya,4,2024-08-08,138.6,Türkiye,Low
894,10872,1726,Muğla,5,2024-08-09,651.78,Türkiye,Medium
902,15493,1137,Batman,9,2024-08-10,398.03,Türkiye,Medium
680,12912,1152,Düzce,5,2024-08-11,500.71,Türkiye,Medium
430,11495,1207,Şanlıurfa,2,2024-08-12,431.16,Türkiye,Medium
807,17355,1175,Kastamonu,5,2024-08-13,131.3,Türkiye,Low
422,19213,1708,Kilis,5,2024-08-14,469.23,Türkiye,High
944,15996,1699,Isparta,2,2024-08-15,367.98,Türkiye,Medium
346,17451,1424,Kahramanmaraş,5,2024-08-16,10.75,Türkiye,Medium
727,18993,1439,Düzce,8,2024-08-17,181.67,Türkiye,Medium
121,17925,1914,Afyonkarahisar,4,2024-08-18,202.42,Türkiye,High
175,16030,1192,Çorum,9,2024-08-19,370.1,Türkiye,Low
399,17711,1928,Trabzon,7,2024-08-20,998.29,Türkiye,Low
936,14492,1080,Gümüşhane,6,2024-08-21,713.32,Türkiye,Medium
140,11641,1292,Karaman,9,2024-08-22,124.35,Türkiye,High
89,10002,1472,Bitlis,4,2024-08-23,653.31,Türkiye,Low
66,13214,1041,Denizli,8,2024-08-24,184.36,Türkiye,Medium
289,13150,1491,Şanlıurfa,3,2024-08-25,641.46,Türkiye,Medium
571,15700,1090,Amasya,2,2024-08-26,625.29,Türkiye,Low
195,16573,1306,Artvin,1,2024-08-27,540.88,Türkiye,Medium
607,15535,1168,Kars,9,2024-08-28,996.26,Türkiye,Medium
944,15177,1552,Uşak,1,2024-08-29,564.17,Türkiye,High
876,17473,1261,Denizli,8,2024-08-30,914.48,Türkiye,High
796,14827,1782,Edirne,1,2024-08-31,395.46,Türkiye,Medium
335,12999,1382,Ordu,9,2024-09-01,920.93,Türkiye,Low
717,18041,1939,Sivas,7,2024-09-02,919.93,Türkiye,Low
821,11214,1591,Tokat,7,2024-09-03,694.59,Türkiye,Medium
407,17255,1728,Ordu,4,2024-09-04,430.1,Türkiye,Low
940,13839,1093,Erzurum,1,2024-09-05,956.72,Türkiye,Low
490,12208,1203,Nevşehir,6,2024-09-06,33.23,Türkiye,Medium
17,13220,1504,Erzurum,4,2024-09-07,99.74,Türkiye,Medium
58,12293,1602,Düzce,6,2024-09-08,802.31,Türkiye,Low
804,14992,1392,Kırşehir,3,2024-09-09,10.96,Türkiye,Medium
347,12272,1530,Aydın,3,2024-09-10,741.54,Türkiye,High
561,17351,1186,Kastamonu,6,2024-09-11,841.88,Türkiye,High
154,11382,1752,Şanlıurfa,2,2024-09-12,834.57,Türkiye,Low
35,15500,1106,Muş,1,2024-09-13,741.18,Türkiye,Low
938,19477,1273,Denizli,2,2024-09-14,453.23,Türkiye,Low
517,16926,1903,Muş,9,2024-09-15,40.68,Türkiye,Low
713,15972,1340,Erzincan,3,2024-09-16,988.75,Türkiye,Medium
263,18640,1119,Ağrı,1,2024-09-17,263.52,Türkiye,Low
725,11700,1299,Ağrı,8,2024-09-18,526.52,Türkiye,Medium
237,19102,1449,Amasya,6,2024-09-19,728.57,Türkiye,Low
348,17781,1499,Hatay,6,2024-09-20,916.79,Türkiye,Low
549,15773,1075,Çankırı,3,2024-09-21,272.0,Türkiye,High
113,10456,1987,Bingöl,1,2024-09-22,191.21,Türkiye,Low
641,18859,1435,Nevşehir,4,2024-09-23,529.95,Türkiye,High
543,19663,1053,Isparta,2,2024-09-24,582.71,Türkiye,High
875,14586,1802,Ağrı,9,2024-09-25,655.65,Türkiye,Low
536,18082,1081,Kars,7,2024-09-26,490.78,Türkiye,Low
888,12124,1843,Düzce,6,2024-09-27,568.47,Türkiye,High
51,10626,1325,Mersin,9,2024-09-28,137.97,Türkiye,High
931,11207,1612,Elazığ,2,2024-09-29,436.79,Türkiye,Medium
273,18802,1121,Kastamonu,4,2024-09-30,505.93,Türkiye,Low
689,17776,1027,Konya,2,2024-10-01,936.71,Türkiye,Low
825,13596,1641,Şanlıurfa,2,2024-10-02,659.11,Türkiye,Medium
507,14981,1644,Adana,3,2024-10-03,362.56,Türkiye,High
474,14777,1534,İstanbul,7,2024-10-04,669.42,Türkiye,Medium
695,16719,1166,Osmaniye,1,2024-10-05,796.46,Türkiye,Medium
78,12075,1566,Bursa,3,2024-10-06,752.01,Türkiye,High
430,11882,1552,Hatay,8,2024-10-07,304.89,Türkiye,High
74,16547,1414,Bayburt,8,2024-10-08,451.1,Türkiye,Medium
649,10181,1318,İzmir,3,2024-10-09,55.7,Türkiye,Medium
341,18127,1551,Muş,1,2024-10-10,270.1,Türkiye,Low
833,12674,1385,Kilis,6,2024-10-11,545.07,Türkiye,Low
694,17283,1258,Bolu,4,2024-10-12,467.43,Türkiye,High
339,18611,1469,Kahramanmaraş,1,2024-10-13,664.77,Türkiye,Medium
559,16713,1546,Bolu,2,2024-10-14,311.03,Türkiye,Low
946,19499,1533,Karaman,8,2024-10-15,350.18,Türkiye,High
595,14687,1844,Yozgat,9,2024-10-16,746.72,Türkiye,High
20,11730,1471,Balıkesir,7,2024-10-17,995.61,Türkiye,Low
827,12332,1404,Karaman,5,2024-10-18,11.5,Türkiye,Low
789,16141,1579,Trabzon,6,2024-10-19,513.54,Türkiye,Medium
548,15549,1771,İzmir,2,2024-10-20,184.84,Türkiye,Low
469,17518,1029,Van,8,2024-10-21,720.67,Türkiye,Low
14,17222,1649,Yalova,6,2024-10-22,517.4,Türkiye,Medium
341,14603,1516,Bayburt,9,2024-10-23,223.86,Türkiye,High
244,19076,1668,Şırnak,7,2024-10-24,69.79,Türkiye,Low
50,16783,1789,Elazığ,1,2024-10-25,800.01,Türkiye,Medium
85,11081,1114,Osmaniye,7,2024-10-26,832.69,Türkiye,Medium
325,13397,1971,Karaman,8,2024-10-27,913.01,Türkiye,Low
504,16007,1606,Çankırı,1,2024-10-28,923.73,Türkiye,Low
250,10764,1388,Bayburt,6,2024-10-29,35.96,Türkiye,High
876,11079,1170,Kahramanmaraş,3,2024-10-30,326.37,Türkiye,Medium
146,15291,1052,Kilis,1,2024-10-31,526.36,Türkiye,High
838,17723,1085,Trabzon,3,2024-11-01,628.49,Türkiye,Low
910,12587,1030,Ardahan,7,2024-11-02,994.63,Türkiye,Low
447,10582,1872,Yalova,7,2024-11-03,544.5,Türkiye,Medium
190,14545,1745,Aydın,9,2024-11-04,853.12,Türkiye,Medium
836,10434,1883,Zonguldak,3,2024-11-05,856.81,Türkiye,Medium
474,12831,1789,Osmaniye,6,2024-11-06,837.61,Türkiye,Medium
533,13052,1578,Eskişehir,1,2024-11-07,241.56,Türkiye,High
469,12399,1639,Uşak,9,2024-11-08,689.79,Türkiye,Low
903,17029,1542,Sivas,4,2024-11-09,832.79,Türkiye,Low
162,15645,1745,Elazığ,5,2024-11-10,611.65,Türkiye,Low
964,13709,1302,Kayseri,8,2024-11-11,343.86,Türkiye,High
888,19683,1258,Samsun,5,2024-11-12,699.04,Türkiye,High
473,18846,1467,Samsun,7,2024-11-13,363.63,Türkiye,Medium
751,14404,1283,Hakkari,6,2024-11-14,62.5,Türkiye,High
414,19459,1855,Düzce,7,2024-11-15,415.87,Türkiye,Medium
893,13964,1175,Rize,1,2024-11-16,169.61,Türkiye,High
540,15737,1427,Karaman,5,2024-11-17,312.19,Türkiye,Medium
342,16715,1042,Eskişehir,1,2024-11-18,338.64,Türkiye,Medium
405,14901,1375,Tokat,3,2024-11-19,712.45,Türkiye,Low
765,17901,1151,Ardahan,1,2024-11-20,670.38,Türkiye,Medium
346,15407,1716,Sakarya,8,2024-11-21,752.91,Türkiye,High
519,13735,1909,Elazığ,9,2024-11-22,257.99,Türkiye,Low
572,10333,1322,Diyarbakır,4,2024-11-23,501.17,Türkiye,Low
528,10464,1349,Artvin,2,2024-11-24,984.75,Türkiye,Low
888,16347,1304,Osmaniye,2,2024-11-25,347.06,Türkiye,Medium
258,15111,1548,Mardin,1,2024-11-26,30.74,Türkiye,Low
485,18752,1002,Edirne,9,2024-11-27,600.09,Türkiye,High
715,10558,1667,Aydın,1,2024-11-28,913.44,Türkiye,High
290,19177,1661,Bursa,9,2024-11-29,121.49,Türkiye,High
184,18913,1260,Bartın,8,2024-11-30,205.89,Türkiye,Low
606,19674,1990,Tunceli,1,2024-12-01,165.49,Türkiye,High
223,10727,1245,Düzce,3,2024-12-02,514.13,Türkiye,Medium
213,11634,1027,Kayseri,6,2024-12-03,452.86,Türkiye,Low
187,17499,1480,Çankırı,6,2024-12-04,644.43,Türkiye,Medium
889,12034,1940,Tokat,9,2024-12-05,823.73,Türkiye,Medium
69,13200,1856,Kırklareli,6,2024-12-06,737.71,Türkiye,Low
770,17329,1374,Ankara,1,2024-12-07,46.96,Türkiye,Medium
330,13437,1282,Bursa,8,2024-12-08,51.93,Türkiye,High
141,10198,1421,Trabzon,4,2024-12-09,826.77,Türkiye,Medium
996,10579,1407,Şanlıurfa,8,2024-12-10,70.75,Türkiye,Medium
392,13339,1567,Bingöl,5,2024-12-11,836.32,Türkiye,Medium
684,17964,1643,Balıkesir,8,2024-12-12,226.26,Türkiye,High
590,18134,1880,Çanakkale,4,2024-12-13,748.55,Türkiye,Low
975,11744,1871,Van,3,2024-12-14,211.0,Türkiye,Medium
582,15902,1797,Ordu,6,2024-12-15,413.39,Türkiye,High
837,17884,1938,Sivas,3,2024-12-16,707.44,Türkiye,Medium
51,12207,1414,Osmaniye,4,2024-12-17,170.22,Türkiye,Medium
825,16204,1269,Burdur,6,2024-12-18,446.99,Türkiye,High
184,13086,1018,Kırşehir,4,2024-12-19,883.26,Türkiye,High
210,13521,1176,Niğde,8,2024-12-20,772.22,Türkiye,Medium
242,15011,1538,Düzce,1,2024-12-21,968.65,Türkiye,Medium
700,15512,1676,Mersin,2,2024-12-22,152.84,Türkiye,High
965,12291,1956,Kırklareli,2,2024-12-23,55.75,Türkiye,High
194,10864,1115,Düzce,6,2024-12-24,774.11,Türkiye,Medium
940,16528,1483,Kütahya,1,2024-12-25,734.62,Türkiye,High
344,17287,1050,Mardin,2,2024-12-26,775.17,Türkiye,Medium
767,14422,1987,Kahramanmaraş,7,2024-12-27,944.52,Türkiye,Medium
98,15656,1497,Ardahan,1,2024-12-28,780.32,Türkiye,Low
14,13227,1460,Bilecik,7,2024-12-29,110.8,Türkiye,Medium
654,13849,1186,Ağrı,6,2024-12-30,836.54,Türkiye,Medium
99,16626,1703,Bitlis,1,2024-12-31,650.59,Türkiye,Medium
427,14672,1641,Edirne,6,2025-01-01,504.92,Türkiye,Low
957,16391,1211,Gaziantep,8,2025-01-02,335.87,Türkiye,Low
213,14477,1689,Tekirdağ,4,2025-01-03,44.8,Türkiye,High
532,18698,1799,Kırıkkale,9,2025-01-04,207.89,Türkiye,High
400,17941,1234,Denizli,3,2025-01-05,825.59,Türkiye,Medium
300,19070,1112,Aydın,6,2025-01-06,626.83,Türkiye,Medium
466,13168,1023,Malatya,5,2025-01-07,365.49,Türkiye,Medium
653,16225,1013,Kilis,7,2025-01-08,75.11,Türkiye,Medium
544,17196,1297,Kırklareli,4,2025-01-09,375.1,Türkiye,Low
888,19544,1367,Bursa,6,2025-01-10,654.5,Türkiye,Medium
20,19792,1881,Gaziantep,6,2025-01-11,738.83,Türkiye,Low
153,12253,1474,Hakkari,5,2025-01-12,743.29,Türkiye,Medium
697,10448,1858,Bitlis,1,2025-01-13,577.47,Türkiye,High
677,12892,1881,Ağrı,9,2025-01-14,537.2,Türkiye,Medium
110,10293,1004,Aydın,2,2025-01-15,228.78,Türkiye,High
787,16717,1361,Afyonkarahisar,7,2025-01-16,813.24,Türkiye,Low
313,17860,1681,Kars,8,2025-01-17,236.07,Türkiye,High
89,13155,1865,Hatay,4,2025-01-18,74.38,Türkiye,High
562,11902,1915,Kırşehir,7,2025-01-19,187.59,Türkiye,Medium
368,17214,1241,Burdur,5,2025-01-20,894.69,Türkiye,Medium
417,15500,1949,Manisa,2,2025-01-21,391.6,Türkiye,High
180,19082,1809,Osmaniye,8,2025-01-22,364.99,Türkiye,Medium
919,16879,1215,Bayburt,4,2025-01-23,269.09,Türkiye,Low
277,12143,1753,Adana,1,2025-01-24,253.09,Türkiye,High
937,19862,1738,Ardahan,7,2025-01-25,467.05,Türkiye,Medium
247,16579,1307,Düzce,9,2025-01-26,925.65,Türkiye,Medium
275,14075,1467,Kocaeli,5,2025-01-27,715.19,Türkiye,High
8,11239,1683,Kırşehir,2,2025-01-28,832.33,Türkiye,Medium
615,12952,1523,Sivas,4,2025-01-29,350.8,Türkiye,High
957,11733,1824,Ankara,2,2025-01-30,744.82,Türkiye,Low
230,11286,1937,Kahramanmaraş,5,2025-01-31,441.81,Türkiye,Low
705,16319,1278,Tekirdağ,9,2025-02-01,361.57,Türkiye,Low
157,12820,1617,Adıyaman,2,2025-02-02,505.72,Türkiye,High
690,17839,1203,Hatay,3,2025-02-03,234.86,Türkiye,High
487,17034,1846,Amasya,7,2025-02-04,434.1,Türkiye,Low
209,16611,1601,Samsun,9,2025-02-05,809.7,Türkiye,Low
362,19619,1005,Çankırı,8,2025-02-06,950.01,Türkiye,Medium
817,18823,1642,Karabük,9,2025-02-07,926.27,Türkiye,Medium
998,16612,1940,Bayburt,9,2025-02-08,357.92,Türkiye,Low
911,18451,1279,Yozgat,7,2025-02-09,476.8,Türkiye,Medium
145,14123,1820,Hakkari,2,2025-02-10,127.2,Türkiye,High
870,15445,1988,Karabük,2,2025-02-11,157.26,Türkiye,Low
11,13692,1770,Mardin,8,2025-02-12,179.68,Türkiye,Medium
213,19666,1257,Osmaniye,6,2025-02-13,887.64,Türkiye,High
728,14584,1519,Çorum,1,2025-02-14,94.88,Türkiye,Low
606,14577,1348,Erzincan,1,2025-02-15,656.11,Türkiye,Low
52,12585,1604,Kastamonu,7,2025-02-16,287.1,Türkiye,High
360,12858,1736,Bayburt,1,2025-02-17,243.24,Türkiye,Medium
559,18483,1925,Sinop,8,2025-02-18,593.54,Türkiye,High
787,11719,1190,Kocaeli,4,2025-02-19,373.17,Türkiye,Medium
226,16149,1996,Siirt,8,2025-02-20,519.57,Türkiye,High
137,10981,1091,Burdur,3,2025-02-21,882.55,Türkiye,Medium
222,15320,1080,Adana,2,2025-02-22,864.0,Türkiye,Medium
546,18857,1443,Kars,7,2025-02-23,904.76,Türkiye,Medium
187,10996,1019,Balıkesir,6,2025-02-24,409.59,Türkiye,High
372,17297,1700,Amasya,1,2025-02-25,550.92,Türkiye,High
370,12635,1813,Yalova,5,2025-02-26,825.66,Türkiye,Low
986,10168,1222,Manisa,1,2025-02-27,250.99,Türkiye,Medium
903,17676,1632,İzmir,6,2025-02-28,526.12,Türkiye,Medium
120,15104,1766,Hakkari,2,2025-03-01,979.07,Türkiye,Low
681,14545,1521,Burdur,8,2025-03-02,788.88,Türkiye,High
18,13205,1107,Burdur,4,2025-03-03,623.86,Türkiye,High
844,17441,1485,Kütahya,5,2025-03-04,830.16,Türkiye,High
428,17237,1055,Yozgat,4,2025-03-05,682.08,Türkiye,Medium
721,14030,1331,Muğla,1,2025-03-06,457.05,Türkiye,High
472,10757,1290,Bitlis,4,2025-03-07,353.77,Türkiye,Medium
557,19571,1137,Bitlis,7,2025-03-08,380.4,Türkiye,Low
233,19992,1575,Bilecik,7,2025-03-09,456.52,Türkiye,Low
741,18113,1939,Rize,8,2025-03-10,40.39,Türkiye,High
591,14177,1733,Bolu,2,2025-03-11,416.24,Türkiye,Medium
210,14574,1396,Artvin,7,2025-03-12,356.58,Türkiye,High
271,11440,1612,Kırşehir,4,2025-03-13,378.75,Türkiye,High
644,16262,1461,Gümüşhane,2,2025-03-14,89.18,Türkiye,Low
671,14681,1278,Elazığ,7,2025-03-15,199.98,Türkiye,Low
600,18136,1916,Batman,3,2025-03-16,995.36,Türkiye,High
241,15155,1409,Aydın,4,2025-03-17,980.28,Türkiye,Low
643,10805,1787,Bolu,8,2025-03-18,299.75,Türkiye,High
242,13820,1937,Karaman,7,2025-03-19,307.76,Türkiye,High
98,14118,1708,Kırıkkale,1,2025-03-20,902.79,Türkiye,Low
149,19590,1385,Ordu,2,2025-03-21,642.21,Türkiye,Low
503,15714,1753,Kayseri,4,2025-03-22,206.4,Türkiye,Medium
814,16133,1212,Tokat,5,2025-03-23,611.52,Türkiye,High
476,19072,1091,Erzincan,7,2025-03-24,983.66,Türkiye,High
5,10589,1011,Rize,3,2025-03-25,101.53,Türkiye,Low
73,12648,1761,Çorum,3,2025-03-26,128.53,Türkiye,Medium
952,16102,1305,Muğla,9,2025-03-27,717.18,Türkiye,High
854,19387,1886,Gümüşhane,6,2025-03-28,746.77,Türkiye,High
423,13122,1718,Kilis,6,2025-03-29,373.59,Türkiye,Low
158,18736,1437,Bingöl,2,2025-03-30,724.0,Türkiye,Medium
364,13073,1415,Eskişehir,2,2025-03-31,360.13,Türkiye,High
925,12138,1665,Sinop,9,2025-04-01,219.9,Türkiye,Low
152,18433,1184,Uşak,5,2025-04-02,45.62,Türkiye,Medium
97,16255,1923,Mardin,8,2025-04-03,53.21,Türkiye,Low
698,19073,1339,Kastamonu,5,2025-04-04,34.7,Türkiye,High
636,15508,1354,Uşak,8,2025-04-05,780.02,Türkiye,Medium
50,11834,1542,Trabzon,7,2025-04-06,125.06,Türkiye,High
864,18107,1478,Eskişehir,1,2025-04-07,337.56,Türkiye,Medium
141,12161,1747,Denizli,9,2025-04-08,186.82,Türkiye,Medium
833,18238,1583,Siirt,4,2025-04-09,772.95,Türkiye,Low
740,15684,1582,Muğla,1,2025-04-10,600.08,Türkiye,High
35,10570,1357,Muğla,2,2025-04-11,380.65,Türkiye,High
455,12809,1807,Sakarya,8,2025-04-12,894.07,Türkiye,Medium
264,14761,1475,Bitlis,7,2025-04-13,387.33,Türkiye,Medium
781,12448,1259,Karabük,6,2025-04-14,929.64,Türkiye,Low
527,16842,1745,Mersin,8,2025-04-15,553.45,Türkiye,Medium
859,14102,1700,Bilecik,5,2025-04-16,870.45,Türkiye,Low
106,11495,1933,Bingöl,2,2025-04-17,518.76,Türkiye,Medium
624,17480,1724,Samsun,7,2025-04-18,532.53,Türkiye,High
196,17067,1915,Ardahan,7,2025-04-19,653.77,Türkiye,Medium
429,14931,1933,Burdur,9,2025-04-20,418.84,Türkiye,High
933,13350,1066,Yalova,9,2025-04-21,518.31,Türkiye,Low
664,18225,1186,Muğla,1,2025-04-22,466.7,Türkiye,Medium
744,15397,1597,Kütahya,9,2025-04-23,249.15,Türkiye,Medium
512,14929,1897,Şırnak,9,2025-04-24,518.53,Türkiye,Medium
699,13383,1272,Kocaeli,5,2025-04-25,476.24,Türkiye,Medium
15,17897,1243,Konya,6,2025-04-26,339.47,Türkiye,High
569,15422,1452,Sinop,2,2025-04-27,559.59,Türkiye,High
956,15995,1818,Sivas,6,2025-04-28,171.55,Türkiye,High
952,19287,1080,Kilis,4,2025-04-29,428.86,Türkiye,Low
328,17508,1333,Tunceli,9,2025-04-30,611.09,Türkiye,Medium
576,19156,1058,Şanlıurfa,2,2025-05-01,612.91,Türkiye,Medium
956,14680,1257,Antalya,7,2025-05-02,196.02,Türkiye,High
967,15469,1505,Aksaray,7,2025-05-03,163.41,Türkiye,Low
232,16171,1562,Hakkari,1,2025-05-04,110.3,Türkiye,Medium
273,10505,1459,Mardin,8,2025-05-05,161.57,Türkiye,High
58,11998,1984,Batman,8,2025-05-06,676.88,Türkiye,High
154,12973,1592,Erzincan,4,2025-05-07,493.95,Türkiye,High
769,19577,1151,Aydın,9,2025-05-08,657.81,Türkiye,Medium
916,10228,1103,Kocaeli,3,2025-05-09,306.28,Türkiye,Low
695,17427,1547,Samsun,5,2025-05-10,316.97,Türkiye,Low
681,16384,1260,Şırnak,9,2025-05-11,240.82,Türkiye,Medium
930,15902,1361,Şırnak,1,2025-05-12,724.02,Türkiye,High
573,16597,1407,Ankara,8,2025-05-13,612.89,Türkiye,Low
830,14781,1192,Kayseri,2,2025-05-14,403.14,Türkiye,Low
778,17025,1685,Ankara,6,2025-05-15,432.11,Türkiye,High
676,14171,1987,Tunceli,1,2025-05-16,631.74,Türkiye,Medium
42,15219,1252,Karabük,6,2025-05-17,404.47,Türkiye,Low
9,19530,1051,Afyonkarahisar,2,2025-05-18,23.54,Türkiye,High
728,10858,1065,Kilis,6,2025-05-19,401.13,Türkiye,Low
607,12386,1221,Kırşehir,2,2025-05-20,96.31,Türkiye,High
666,15353,1340,Muş,4,2025-05-21,275.07,Türkiye,Low
79,16503,1211,Sivas,3,2025-05-22,166.04,Türkiye,Medium
317,17561,1861,Rize,6,2025-05-23,59.3,Türkiye,Low
977,18226,1009,Düzce,3,2025-05-24,369.57,Türkiye,Low
861,19029,1175,Sivas,4,2025-05-25,521.59,Türkiye,High
627,15858,1868,Aydın,9,2025-05-26,229.51,Türkiye,High
127,11479,1011,Kırklareli,1,2025-05-27,66.84,Türkiye,High
216,17930,1591,Kars,9,2025-05-28,456.76,Türkiye,High
858,11899,1553,Çorum,2,2025-05-29,581.47,Türkiye,Medium
314,14624,1065,Bursa,8,2025-05-30,736.18,Türkiye,Medium
707,13363,1903,Iğdır,9,2025-05-31,674.06,Türkiye,Medium
444,18015,1373,Bartın,2,2025-06-01,658.12,Türkiye,Low
68,18329,1820,Erzincan,4,2025-06-02,811.26,Türkiye,Low
585,12595,1633,Kilis,7,2025-06-03,317.23,Türkiye,Medium
690,17010,1070,Isparta,8,2025-06-04,744.35,Türkiye,High
423,11872,1690,Sinop,5,2025-06-05,197.01,Türkiye,Medium
346,15149,1677,Çorum,5,2025-06-06,150.65,Türkiye,Low
979,18058,1767,Kocaeli,6,2025-06-07,249.93,Türkiye,Medium
974,11544,1050,Van,2,2025-06-08,982.19,Türkiye,Low
911,17213,1099,Burdur,5,2025-06-09,631.79,Türkiye,High
349,17525,1865,Bayburt,7,2025-06-10,91.7,Türkiye,High
100,13328,1723,İstanbul,3,2025-06-11,479.63,Türkiye,High
143,17913,1422,Sakarya,4,2025-06-12,328.07,Türkiye,Medium
128,14812,1404,Gümüşhane,4,2025-06-13,807.0,Türkiye,Low
140,13585,1416,Çankırı,6,2025-06-14,264.56,Türkiye,Medium
307,16935,1178,Kilis,7,2025-06-15,12.65,Türkiye,High
75,18947,1372,Kars,3,2025-06-16,724.11,Türkiye,High
265,17433,1544,Trabzon,7,2025-06-17,747.6,Türkiye,High
830,14028,1404,Ankara,7,2025-06-18,876.83,Türkiye,Medium
619,12338,1895,Giresun,7,2025-06-19,117.67,Türkiye,Medium
876,19844,1296,Kırklareli,6,2025-06-20,43.84,Türkiye,Medium
922,18093,1482,Bingöl,2,2025-06-21,425.25,Türkiye,Low
5,19074,1944,Bingöl,9,2025-06-22,175.94,Türkiye,High
280,17372,1653,Mardin,8,2025-06-23,969.05,Türkiye,Low
782,17441,1781,Bitlis,9,2025-06-24,993.49,Türkiye,High
234,10028,1156,Şırnak,3,2025-06-25,30.38,Türkiye,Low
826,13487,1861,Konya,9,2025-06-26,372.55,Türkiye,Medium
551,14668,1635,Kırşehir,6,2025-06-27,488.16,Türkiye,Low
699,13639,1712,Sivas,9,2025-06-28,482.34,Türkiye,Low
287,11658,1265,Manisa,5,2025-06-29,742.26,Türkiye,Low
366,18793,1440,Şanlıurfa,3,2025-06-30,454.8,Türkiye,Low
168,14600,1063,Siirt,6,2025-07-01,432.75,Türkiye,High
790,14065,1008,Hakkari,5,2025-07-02,958.38,Türkiye,Medium
891,11054,1953,Erzurum,3,2025-07-03,153.01,Türkiye,Medium
582,17292,1546,Van,8,2025-07-04,955.24,Türkiye,High
137,15351,1585,Bolu,2,2025-07-05,469.41,Türkiye,Medium
485,11784,1950,Giresun,3,2025-07-06,597.32,Türkiye,Medium
902,18651,1608,Elazığ,9,2025-07-07,821.59,Türkiye,Low
976,10943,1621,Balıkesir,5,2025-07-08,42.04,Türkiye,Low
596,14524,1726,Kayseri,5,2025-07-09,57.81,Türkiye,Low
162,10271,1520,Gaziantep,9,2025-07-10,149.9,Türkiye,High
390,19186,1400,Aydın,4,2025-07-11,547.07,Türkiye,High
658,13159,1138,Eskişehir,4,2025-07-12,572.51,Türkiye,High
822,10980,1858,Ankara,6,2025-07-13,682.69,Türkiye,Medium
590,11423,1487,Kocaeli,2,2025-07-14,297.39,Türkiye,Low
899,12122,1028,Adana,8,2025-07-15,808.95,Türkiye,High
199,12781,1041,Tunceli,8,2025-07-16,858.15,Türkiye,Low
557,10566,1372,Siirt,5,2025-07-17,450.3,Türkiye,Low
3,14913,1691,Şanlıurfa,6,2025-07-18,297.89,Türkiye,Medium
784,13235,1384,Şanlıurfa,7,2025-07-19,160.98,Türkiye,Low
516,15100,1539,Aksaray,6,2025-07-20,828.35,Türkiye,Low
636,15209,1991,Sinop,3,2025-07-21,708.63,Türkiye,Medium
627,11089,1113,Aydın,7,2025-07-22,84.43,Türkiye,High
89,14397,1779,Denizli,1,2025-07-23,219.24,Türkiye,High
374,13726,1011,Sivas,1,2025-07-24,78.22,Türkiye,Low
749,19120,1082,Çorum,9,2025-07-25,358.7,Türkiye,High
94,19424,1815,Aksaray,1,2025-07-26,604.05,Türkiye,Low
25,13087,1651,Tokat,9,2025-07-27,610.38,Türkiye,Low
22,19754,1175,Trabzon,5,2025-07-28,861.77,Türkiye,Medium
989,16931,1163,Ardahan,4,2025-07-29,283.94,Türkiye,Medium
265,17542,1462,Muğla,1,2025-07-30,798.35,Türkiye,Low
36,12757,1772,Erzincan,8,2025-07-31,450.61,Türkiye,Medium
262,10606,1953,Siirt,2,2025-08-01,58.79,Türkiye,High
220,10926,1439,Tunceli,7,2025-08-02,359.99,Türkiye,Low
90,14845,1643,Batman,5,2025-08-03,609.04,Türkiye,High
505,15304,1085,Çankırı,9,2025-08-04,994.89,Türkiye,Low
721,17728,1024,Tunceli,5,2025-08-05,401.26,Türkiye,Low
942,16755,1996,Van,4,2025-08-06,550.67,Türkiye,Low
717,18798,1972,Gümüşhane,8,2025-08-07,749.66,Türkiye,Low
679,11407,1419,Konya,6,2025-08-08,746.03,Türkiye,High
704,12223,1783,Bartın,4,2025-08-09,645.16,Türkiye,High
936,18892,1428,Çankırı,3,2025-08-10,759.63,Türkiye,High
102,18013,1845,Osmaniye,2,2025-08-11,404.33,Türkiye,Medium
471,14336,1816,Şanlıurfa,7,2025-08-12,592.61,Türkiye,Low
217,19054,1932,Gaziantep,7,2025-08-13,678.11,Türkiye,Medium
168,18827,1991,Konya,8,2025-08-14,49.62,Türkiye,Medium
69,10277,1961,Çanakkale,5,2025-08-15,593.16,Türkiye,High
916,15339,1495,Manisa,2,2025-08-16,989.91,Türkiye,Medium
608,15778,1669,Bilecik,8,2025-08-17,515.4,Türkiye,High
113,19700,1712,Tekirdağ,4,2025-08-18,668.3,Türkiye,Low
381,14297,1178,Tokat,3,2025-08-19,446.21,Türkiye,High
985,18929,1199,Tokat,2,2025-08-20,782.61,Türkiye,Low
240,17474,1706,Antalya,7,2025-08-21,586.27,Türkiye,High
11,17191,1873,Adıyaman,9,2025-08-22,281.62,Türkiye,High
350,14602,1463,Kırşehir,6,2025-08-23,797.36,Türkiye,Medium
558,17645,1185,Hatay,9,2025-08-24,74.87,Türkiye,High
222,18206,1121,Aydın,7,2025-08-25,747.7,Türkiye,Low
841,14231,1427,Van,4,2025-08-26,424.09,Türkiye,Low
156,15127,1506,Düzce,4,2025-08-27,983.05,Türkiye,High
837,14316,1675,Ağrı,2,2025-08-28,733.16,Türkiye,High
270,12630,1062,Van,5,2025-08-29,179.65,Türkiye,High
870,14553,1981,Ordu,7,2025-08-30,311.74,Türkiye,Low
583,15301,1092,Yozgat,9,2025-08-31,325.99,Türkiye,Medium
638,13893,1592,Karaman,2,2025-09-01,244.54,Türkiye,Low
444,19265,1747,Kars,9,2025-09-02,430.12,Türkiye,Low
771,19379,1645,Bingöl,4,2025-09-03,495.07,Türkiye,Medium
647,18700,1705,Tunceli,8,2025-09-04,276.29,Türkiye,High
837,10872,1081,Konya,3,2025-09-05,230.93,Türkiye,High
565,11582,1744,Burdur,9,2025-09-06,327.99,Türkiye,High
200,17532,1928,Karaman,7,2025-09-07,998.99,Türkiye,High
61,10338,1360,Gümüşhane,8,2025-09-08,79.57,Türkiye,Medium
326,12498,1939,Karaman,3,2025-09-09,618.15,Türkiye,High
598,11028,1480,Tekirdağ,9,2025-09-10,646.37,Türkiye,Low
500,10091,1904,Nevşehir,6,2025-09-11,674.29,Türkiye,Low
307,11592,1981,Erzincan,4,2025-09-12,418.77,Türkiye,High
127,11363,1445,Kırşehir,2,2025-09-13,338.76,Türkiye,Low
230,17503,1288,Denizli,8,2025-09-14,892.66,Türkiye,Medium
168,13237,1003,Edirne,1,2025-09-15,797.95,Türkiye,Medium
997,16285,1307,Rize,1,2025-09-16,208.75,Türkiye,Low
21,10491,1536,Sinop,3,2025-09-17,498.61,Türkiye,Low
256,11686,1491,Adana,6,2025-09-18,628.2,Türkiye,High
39,19107,1503,Diyarbakır,7,2025-09-19,173.97,Türkiye,Low
44,12597,1206,İzmir,6,2025-09-20,659.73,Türkiye,Low
600,11466,1456,Düzce,2,2025-09-21,105.26,Türkiye,Low
256,10318,1711,Isparta,4,2025-09-22,582.88,Türkiye,Low
275,13719,1242,Trabzon,9,2025-09-23,482.23,Türkiye,High
542,11230,1397,Denizli,9,2025-09-24,990.48,Türkiye,Medium
402,13680,1104,Bursa,1,2025-09-25,840.45,Türkiye,Medium
924,15749,1714,Düzce,3,2025-09-26,51.42,Türkiye,High
